Input,Output
"Generate a description for a blog post about 'Essential Gardening Tips for Beginners'.","Starting a garden can be incredibly rewarding, but it requires some foundational knowledge to thrive. This post offers practical tips for beginners, covering soil preparation, plant selection, and proper watering techniques. Whether youâ€™re planting flowers or vegetables, these tips help you grow a beautiful, healthy garden with ease. Discover how to create your green oasis step by step!"
"Generate a description for a LinkedIn post announcing my new certification in Project Management.","Excited to share that Iâ€™ve completed my certification in Project Management! This course has equipped me with valuable skills in strategic planning, risk assessment, and effective communication, enhancing my ability to lead projects with precision. Grateful for this learning opportunity and eager to apply these new insights in upcoming projects!"
"Generate a description for a YouTube video on '5 Easy Pasta Recipes for Busy Weeknights'.","Need quick and tasty dinner options? This video shares five easy pasta recipes that are perfect for busy weeknights. From classic spaghetti to creamy Alfredo, each recipe is simple to follow and packed with flavor. Join us in the kitchen to make delicious meals that save time without compromising taste!"
"Generate a description for an e-commerce listing for a leather laptop sleeve.","Protect your laptop with this premium leather sleeve, designed for style and functionality. The soft inner lining prevents scratches, while the sleek leather exterior adds a touch of sophistication. Perfect for professionals on the go, this sleeve offers durability and a secure fit for laptops up to 15 inches."
"Generate a description for a GitHub repository that includes a weather forecasting app.","This repository contains a weather forecasting app that provides real-time weather updates using the OpenWeather API. Users can search by city to view current temperature, humidity, and forecasted conditions. The app is built with a responsive design, making it easy to use on both desktop and mobile devices. A great project for learning API integration and front-end development!"
"Generate a description for an Instagram post promoting a sunset yoga class at the beach.","Unwind and connect with nature at our Sunset Yoga Class by the beach! Enjoy the calming sound of waves as you flow through poses and practice mindfulness in a serene setting. Open to all levels, this session will leave you refreshed and grounded. Donâ€™t miss this unique experience â€“ book your spot today!"
"Generate a description for a podcast episode about 'How to Build Confidence in Public Speaking'.","Public speaking can be daunting, but with practice, anyone can build confidence on stage. In this episode, we discuss techniques for overcoming nerves, connecting with the audience, and improving delivery skills. Whether youâ€™re preparing for a presentation or aiming to communicate more effectively, these tips will help you shine in the spotlight."
"Generate a description for an online store listing for organic matcha green tea.","Our organic matcha green tea offers a rich, smooth taste with a vibrant green color, perfect for tea lovers and health enthusiasts. Packed with antioxidants, it boosts energy naturally without the jitters. Enjoy it as a hot drink, iced latte, or even in smoothies for a refreshing wellness treat."
"Generate a description for a Medium article titled 'The Beginner's Guide to Coding with Python'.","Python is one of the most beginner-friendly programming languages, making it perfect for those new to coding. This guide walks you through Python basics, from variables and functions to loops and data types, with easy-to-understand examples. By the end, you'll have the confidence to start your own coding projects and explore Pythonâ€™s powerful potential!"
"Generate a description for a Facebook post sharing a new community cleanup event.","Join us this Saturday for a community cleanup event to help keep our neighborhood clean and beautiful! Weâ€™ll provide supplies like gloves and bags â€“ just bring yourself and some positive energy. Together, we can make a difference for our environment and enjoy a productive morning with friends and neighbors. See you there!"
"Generate a description for an Etsy listing for a handmade ceramic coffee mug.","Sip your coffee in style with this handmade ceramic mug, crafted with care and attention to detail. Its earthy colors and unique design make it a standout piece in any kitchen. Perfect for hot beverages, this durable mug is microwave- and dishwasher-safe, ideal for daily use or as a special gift for a loved one."
"Generate a description for a Twitter post sharing a new blog post on 'Top 10 Productivity Hacks for Entrepreneurs'.","New blog post alert! ðŸš€ Check out our top 10 productivity hacks to help entrepreneurs make the most of every day. From time-blocking to prioritizing tasks, these tips will boost your efficiency and keep you focused. Start maximizing your productivity now â€“ read the full post!"
"Generate a description for a YouTube tutorial video on 'Basic Photography Techniques for Beginners'.","In this tutorial, we dive into essential photography techniques perfect for beginners. Learn how to work with lighting, adjust exposure, and find the best angles to capture stunning images. By mastering these basics, youâ€™ll be able to take better photos in any setting. Grab your camera and start shooting like a pro!"
"Generate a description for a LinkedIn post celebrating the completion of a team project.","Proud to announce that our team has successfully completed [Project Name]! This journey was filled with challenges, learning moments, and collaborative efforts. Huge thanks to everyone who contributed their skills and dedication â€“ couldnâ€™t have done it without you. Looking forward to more amazing projects together!"
"Generate a description for a blog about the benefits of meditation.","Meditation is a powerful practice with numerous benefits for both mind and body. From reducing stress to enhancing focus, meditation helps cultivate inner peace and resilience. In this blog, we explore how regular meditation can improve mental clarity, boost mood, and contribute to overall well-being. Start your mindfulness journey today!"
"Generate a description for a podcast episode on 'Tips for Traveling on a Budget'.","In this episode, we share practical tips for traveling without breaking the bank. Learn how to find affordable flights, budget-friendly accommodations, and explore destinations like a local. Whether you're a seasoned traveler or planning your first trip, these tips will help you make the most of your adventure without overspending."
"Generate a description for a GitHub repository containing a simple note-taking app.","This GitHub repository features a minimalist note-taking app built with JavaScript and React. Users can create, edit, and delete notes with ease, making it perfect for everyday reminders or quick ideas. The app has a clean, user-friendly interface and is a great project for those looking to learn basic CRUD operations in React."
"Generate a description for a Quora answer to 'What are some beginner-friendly coding projects?'.","For beginners, coding projects that are manageable but impactful are ideal! Start with a to-do list app, a basic calculator, or a personal portfolio website. These projects help build foundational skills like HTML, CSS, and JavaScript and can lead to larger, more complex projects as your coding confidence grows."
"Generate a description for an e-commerce listing for a wireless charging pad.","This sleek wireless charging pad offers fast, convenient charging for all compatible devices. With a non-slip surface and compact design, it's perfect for your desk or nightstand. Simply place your phone on the pad, and enjoy hassle-free charging â€“ no more tangled cables or adapters required!"
"Generate a description for a LinkedIn article about networking tips for recent graduates.","Networking is essential for career growth, especially for recent graduates. This article provides actionable tips on building connections, attending industry events, and utilizing LinkedIn effectively. With the right approach, you can expand your network and discover exciting opportunities. Start building a foundation for your future today!"
"Generate a description for a Facebook post announcing a virtual art workshop.","ðŸŽ¨ Join us for a virtual art workshop this Saturday! Perfect for all skill levels, this session will guide you through fun techniques to express your creativity. Grab your brushes and paints, and join us from the comfort of your home. Donâ€™t miss this chance to create, connect, and unwind!"
"Generate a description for an Instagram post showcasing a new smartwatch.","Stay connected and stylish with our new smartwatch! With customizable faces, fitness tracking, and seamless notifications, itâ€™s designed to keep up with your busy lifestyle. Perfect for both workouts and workdays, this smartwatch is your go-to device for convenience and fashion. Check it out today!"
"Generate a description for a YouTube video reviewing top-rated headphones under $100.","Looking for high-quality headphones on a budget? In this video, we review the top-rated options under $100, covering features like sound quality, comfort, and battery life. Get a closer look at each model to find the perfect fit for your needs â€“ all without breaking the bank!"
"Generate a description for a GitHub repository with a calorie tracker app.","This repository features a simple calorie tracker app, designed to help users monitor daily food intake and nutritional goals. Built with JavaScript and Firebase for real-time updates, the app allows users to log meals, track calories, and set personalized targets. A great project for health-conscious individuals or developers interested in fitness apps!"
"Generate a description for a Twitter post announcing a new blog on productivity tools.","ðŸš€ New blog alert! Discover our top 5 productivity tools to help you stay organized and achieve your goals. From task managers to note-taking apps, weâ€™ve reviewed each tool to make your workday easier. Read the full post and boost your productivity today!"
"Generate a description for an Amazon listing for a high-quality yoga mat.","Achieve your fitness goals with this high-quality yoga mat, crafted for comfort and durability. Its non-slip surface ensures stability, while the cushioned material provides support during workouts. Perfect for yoga, Pilates, or stretching, this mat is your reliable fitness partner."
"Generate a description for a LinkedIn post celebrating a team's successful project launch.","Proud moment! Weâ€™ve just launched [Project Name] successfully. Kudos to the entire team for their hard work, dedication, and collaboration in bringing this idea to life. Excited to see the positive impact our project will have â€“ cheers to many more milestones together!"
"Generate a description for a Facebook post about a summer sale on skincare products.","ðŸŒž Get ready for summer with our exclusive skincare sale! Enjoy up to 30% off on all our bestsellers, from moisturizers to sunscreens. Nourish and protect your skin while taking advantage of these amazing deals. Shop now and embrace glowing skin all season long!"
"Generate a description for a GitHub repository with a simple to-do list app in Python.","This GitHub repository contains a simple to-do list app created with Python. Users can add, update, and delete tasks to stay organized. The project demonstrates essential Python concepts like file handling and list manipulation, making it perfect for beginners looking to practice coding basics."
"Generate a description for a YouTube video titled 'How to Start a Digital Marketing Career'.","Want to kickstart your digital marketing career? This video covers the essential skills, tools, and strategies you need to begin. From SEO basics to social media management, learn the steps to build a strong foundation and succeed in this growing industry. Perfect for beginners eager to enter the digital marketing world!"
"Generate a description for a Medium article on 'The Benefits of Mindful Eating for Health and Wellness'.","Mindful eating is more than just a trend; itâ€™s a way to enhance your relationship with food and improve your health. In this article, we explore how mindful eating can help reduce stress, support digestion, and foster better dietary choices. Discover practical steps to begin your journey toward a healthier, more balanced approach to eating."
"Generate a description for a LinkedIn post celebrating a certification achievement in data analytics.","Excited to share that Iâ€™ve earned my Data Analytics certification! This course strengthened my skills in data visualization, statistical analysis, and interpretation. Iâ€™m looking forward to applying these new skills to future projects and contributing to data-driven decision-making. Thank you to everyone who supported me on this journey!"
"Generate a description for an Instagram post featuring a scenic photo of a beach.","Golden sands, turquoise waters, and endless skies â€“ paradise found! ðŸŒ´ This beautiful beach scene is the perfect reminder to slow down, unwind, and embrace natureâ€™s beauty. Whether youâ€™re a beach lover or just dreaming of a getaway, this view is pure bliss. #BeachLife #Wanderlust"
"Generate a description for a YouTube video titled '5 Essential Skills for Data Scientists'.","Thinking about a career in data science? In this video, we break down the top 5 essential skills every data scientist needs, from programming to statistical analysis. Get a detailed look at each skill and find out how to start developing them for a successful career in this dynamic field!"
"Generate a description for a GitHub repository with a weather app project using JavaScript and API integration.","This repository features a simple yet effective weather app, built with JavaScript and OpenWeatherMap API. Users can input their location to receive real-time weather updates, including temperature, humidity, and forecast. Ideal for developers learning API integration and basic JavaScript concepts!"
"Generate a description for a Twitter post promoting a virtual wellness retreat.","Recharge and reconnect at our virtual wellness retreat! ðŸŒ¿ Join us for a day of meditation, yoga, and mindfulness sessions, led by experienced guides. Perfect for unwinding and restoring balance from the comfort of your home. Register today to secure your spot! #Wellness #VirtualRetreat"
"Generate a description for a LinkedIn article on remote work productivity tips.","Remote work offers flexibility but also demands self-discipline and effective strategies. In this article, we discuss practical productivity tips for working from home, from setting up a workspace to managing breaks. Discover how to stay focused, organized, and efficient while embracing the remote work lifestyle!"
"Generate a description for an Etsy listing for a hand-knitted wool scarf.","Wrap yourself in warmth and style with this hand-knitted wool scarf. Made from 100% natural wool, itâ€™s soft, cozy, and perfect for chilly days. Each scarf is crafted with care, bringing a unique touch to any winter wardrobe. An ideal gift for yourself or a loved one this season!"
"Generate a description for a Facebook event page for an online cooking class.","Join our online cooking class this Saturday and learn how to create delicious dishes from the comfort of your kitchen! Our chef will guide you through each step, with tips on flavor, technique, and presentation. Perfect for food lovers of all levels â€“ register now and letâ€™s cook together!"
"Generate a description for a GitHub repository for a task management web app.","This repository contains a basic task management web app designed to keep you organized. Users can add, delete, and mark tasks as completed, with an intuitive user interface built using HTML, CSS, and JavaScript. A great project for developers learning CRUD operations and frontend basics."
"Generate a description for an Amazon listing of a noise-canceling Bluetooth headphone.","Experience immersive sound with these noise-canceling Bluetooth headphones, featuring premium audio quality and long battery life. Perfect for music lovers, commuters, and gamers alike. Enjoy the freedom of wireless sound with crystal-clear clarity and superior comfort. A must-have for anyone serious about their listening experience!"
"Generate a description for a Medium article on the benefits of journaling for mental health.","Journaling is a powerful tool for mental well-being, offering a safe space for self-reflection and expression. In this article, we explore the mental health benefits of journaling, including stress reduction, improved clarity, and emotional release. Find out how a simple habit can make a big difference in your daily life."
"Generate a description for a Quora answer on 'What skills are needed for digital marketing?'.","Digital marketing requires a blend of creativity and analytics. Key skills include content creation, social media management, SEO, and data analysis. These skills help digital marketers effectively reach their audience, measure success, and adjust strategies. Learning these fundamentals is a great way to get started in this growing field."
"Generate a description for an Instagram post showing a new workout plan release.","ðŸ’ª New workout plan just dropped! Designed to help you build strength and boost endurance, this plan is perfect for all fitness levels. Packed with cardio, strength, and flexibility routines, itâ€™s your new go-to guide for reaching fitness goals. Start today and see the difference! #FitnessJourney #WorkoutPlan"
"Generate a description for a Twitter post about the launch of an online course on personal finance.","ðŸ’¸ Exciting news! Our new online course on personal finance is here! Learn how to budget, save, and invest for a more secure future. Perfect for beginners, this course will set you on the right path to financial freedom. Sign up today and take control of your finances! #PersonalFinance #FinancialFreedom"
"Generate a description for a LinkedIn post sharing a new blog on career development.","New blog post! ðŸ“ˆ Discover practical steps for advancing your career, from networking strategies to goal-setting. Whether youâ€™re just starting or looking to take the next step, these tips will help you stand out and achieve your professional goals. Read more and get inspired!"
"Generate a description for a GitHub repository containing a fitness tracker app built with React Native.","This GitHub repository houses a fitness tracker app developed in React Native, allowing users to track workouts, steps, and calories burned. With a clean UI and easy navigation, itâ€™s perfect for those interested in mobile development. Great for developers exploring React Nativeâ€™s potential in fitness applications."
"Generate a description for a YouTube video titled 'How to Optimize Your LinkedIn Profile for Job Hunting'.","Your LinkedIn profile is key to career growth! In this video, we cover tips to optimize your profile, from crafting a standout headline to adding relevant keywords. Perfect for job seekers, these strategies will increase your visibility to recruiters and boost your professional presence on LinkedIn."
"Generate a description for a blog post about the environmental impact of fast fashion.","Fast fashion may be trendy, but its environmental cost is alarming. In this blog, we explore the industryâ€™s impact on waste, pollution, and resource consumption. Learn about the hidden costs of fast fashion and discover sustainable alternatives to help reduce your ecological footprint."
"Generate a description for a GitHub repository with a language translation app using Python.","This repository features a basic language translation app built with Python, utilizing Google Translateâ€™s API. Users can input text in one language and get an instant translation in another. Great for developers interested in working with APIs and enhancing their Python skills in a real-world application."